{
"강남구": [
37.5177,
127.0473
],
"강동구": [
37.53,
127.1237
],
"강릉시": [
37.75253,
128.87595
],
"강북구": [
37.6395,
127.0255
],
"강서구": [
37.5509,
126.8497
],
"경기": [
37.37609,
127.59024
],
"경산시": [
35.82512,
128.74133
],
"고양시 덕양구": [
37.6369,
126.8322
],
"고양시 일산동구": [
37.6588,
126.775
],
"과천시": [
37.4289,
126.98817
],
"관악구": [
37.4782,
126.9518
],
"광명시": [
37.47855,
126.86439
],
"광진구": [
37.53627,
127.08795
],
"구로구": [
37.4952,
126.8877
],
"구리시": [
37.59359,
127.12979
],
"군산시": [
35.968,
126.7369
],
"군포시": [
37.36152,
126.9349
],
"금천구": [
37.4565,
126.8954
],
"김포시": [
37.61557,
126.71578
],
"김해시": [
35.22791,
128.88954
],
"남양주시": [
37.63594,
127.21651
],
"노원구": [
37.654,
127.0567
],
"도봉구": [
37.6686,
127.0466
],
"동대문구": [
37.5742,
127.03951
],
"동래구": [
35.2052,
129.0837
],
"동작구": [
37.5121,
126.9395
],
"마포구": [
37.56657,
126.90153
],
"별내동": [
37.65651,
127.12166
],
"부천시": [
37.50144,
126.76601
],
"부천시 소사구": [
37.47437,
126.79038
],
"부천시 오정구": [
37.52473,
126.79332
],
"부천시 원미구": [
37.50266,
126.78257
],
"북구": [
35.8855,
128.58289
],
"서구": [
37.545,
126.676
],
"서대문구": [
37.57907,
126.93679
],
"서울": [
37.55344,
126.9698
],
"서울 강남구": [
37.5177,
127.0473
],
"서울 송파구": [
37.5145,
127.1058
],
"서초구": [
37.4835,
127.0322
],
"성남시": [
37.42016,
127.12621
],
"성남시 분당구": [
37.3826,
127.1188
],
"성남시 수정구": [
37.45034,
127.14629
],
"성남시 중원구": [
37.4307,
127.137
],
"성동구": [
37.5635,
127.0365
],
"성북구": [
37.59,
127.0165
],
"송파구": [
37.5145,
127.1058
],
"수도권": [
37.64753,
126.80928
],
"수영구": [
35.1454,
129.1127
],
"수원시": [
37.26333,
127.02875
],
"수원시 권선구": [
37.25674,
126.97197
],
"수원시 영통구": [
37.2593,
127.0466
],
"수원시 장안구": [
37.30376,
127.01053
],
"수원시 팔달구": [
37.27499,
127.01614
],
"순천시": [
34.95055,
127.4873
],
"시흥시": [
37.37989,
126.80323
],
"안산시": [
37.32172,
126.83086
],
"안산시 단원구": [
37.319,
126.8122
],
"안양시": [
37.39385,
126.95706
],
"안양시 동안구": [
37.39231,
126.95131
],
"안양시 만안구": [
37.3863,
126.9324
],
"양산시": [
35.335,
129.03706
],
"양주시": [
37.78493,
127.04578
],
"양천구": [
37.5171,
126.8663
],
"연천군": [
38.0964,
127.0746
],
"영등포구": [
37.5262,
126.8959
],
"오산시": [
37.14994,
127.07746
],
"용산구": [
37.5323,
126.99
],
"용인시": [
37.24057,
127.17856
],
"용인시 기흥구": [
37.2801,
127.1148
],
"용인시 수지구": [
37.32229,
127.09721
],
"용인시 처인구": [
37.2345,
127.2017
],
"울산": [
35.53917,
129.31191
],
"은평구": [
37.6024,
126.9293
],
"의왕시": [
37.34491,
126.96899
],
"이천시": [
37.28088,
127.44291
],
"익산시": [
35.94793,
126.9578
],
"제주시": [
33.49983,
126.53139
],
"종로구": [
37.58069,
126.9828
],
"중구": [
37.47354,
126.62141
],
"중랑구": [
37.6063,
127.093
],
"천안시 서북구": [
36.87839,
127.15527
],
"청주시 상당구": [
36.58972,
127.50516
],
"춘천시": [
37.88106,
127.72976
],
"충북": [
36.85272,
127.71533
],
"평택시": [
36.9925,
127.11272
],
"하남시": [
37.5393,
127.21494
],
"함안군": [
35.27269,
128.4065
],
"해운대구": [
35.1629,
129.1638
],
"화성시": [
37.19947,
126.83126
],
"화성시 동탄구": [
37.18721,
127.0984
],
"화성시 병점구": [
37.21358,
127.01845
]
}